rotation in degrees,displacement in mm,Force in MilliNewtons,Fit spring constant in Newtons per Meter,Raw spring constant in Newtons per Meter,Spring Potential Energy in Joules,Fit Torque in Nmm
148.9653,0.231,0,0,1202.14755131728,NaN,0
148.9653,5.3162,-6293.14793076923,514.080099863321,1025.71303646338,NaN,-118.060369230769
148.9653,10.4329,-4103.87987384615,435.754949652913,712.037439457539,NaN,-101.949146153846
148.9653,15.5486,-2526.14065538462,1424.28670387711,1407.73425253991,NaN,-88.9526461538462
148.9653,20.6676,-78.2854123076882,2496.43808904426,2871.89002260252,NaN,-74.7783846153846
148.9653,25.788,2677.56133692306,2586.23977671649,3211.75018551379,NaN,-59.1716461538462
148.9653,30.9048,6274.73361615387,2172.33517017021,3051.18224947556,NaN,-43.4427846153845
148.9653,36.0235,9944.1920046154,839.454898393165,2114.22685170243,NaN,-28.3475846153846
148.9653,41.1416,13771.1716430769,92.2429473499428,1064.89585884627,NaN,-14.9251230769231
148.9653,46.2622,17537.1621946154,250.289486253063,780.207112903229,NaN,-3.1123307692308
148.9653,51.3812,21784.9781323077,146.247189150294,327.649967700261,NaN,7.19235384615386
138.9672,0.2347,-9094.74306846154,756.443223567012,617.466337754771,NaN,-125.565276923077
138.9681,5.3194,-6151.65288538461,-159.365076740014,306.917554049694,NaN,-102.221323076923
138.9681,10.4393,-4015.29614692308,218.980936582926,377.263038914904,NaN,-87.4784153846154
138.9681,15.556,-2589.85990769231,1068.83893882649,1205.44625806452,NaN,-75.0927615384615
138.9681,20.6755,-25.6144530769379,2278.42554373052,2616.58142464869,NaN,-61.4214307692308
138.9681,25.7929,2637.56414615383,2071.18557000792,2549.42460074205,NaN,-47.0931153846154
138.9681,30.9079,6190.71032384616,1789.82296968839,2474.3631757302,NaN,-33.2764923076923
138.9681,36.0265,9678.03661615384,937.662967611726,2035.04341510652,NaN,-20.1831384615385
138.9681,41.1418,13363.3320884615,408.385427922235,1331.83474891007,NaN,-8.45749230769225
138.9681,46.2595,17124.7752269231,249.358993745041,736.389191805135,NaN,1.84365384615384
138.9681,51.3785,21274.45089,27.9284643519807,214.95868863049,NaN,10.8385307692308
128.9772,0.2345,-7868.65571769231,394.290103242877,223.763334950672,NaN,-109.497323076923
128.9772,5.3217,-5370.57234615385,-543.950830150145,-106.388167877321,NaN,-89.3977307692307
128.9772,10.4413,-3686.07469615384,-365.477431731947,-289.563480787859,NaN,-76.0566538461539
128.9772,15.5582,-2202.44109615385,743.184628133609,848.467693548386,NaN,-63.6836615384615
128.9772,20.6743,309.404700769222,1808.06049777119,2113.87886231416,NaN,-50.491476923077
128.9772,25.7937,3090.4598976923,2065.92632888189,2406.38126815102,NaN,-37.248
128.9772,30.913,6598.26212538461,1683.4864274467,2313.01115235636,NaN,-24.7551846153847
128.9772,36.0283,10219.1720376923,1255.50076918754,2303.20119412618,NaN,-12.9353692307693
128.9772,41.1466,13670.0203976923,-132.83280541178,761.604552793026,NaN,-2.72223846153852
128.9772,46.2682,17379.4540984615,140.970560999309,432.095516852119,NaN,6.17555384615385
128.9772,51.384,21556.7245469231,344.146293187196,379.045510335921,NaN,14.1376307692307
118.9872,0.2345,-7537.13314307693,-372.811575580653,-17.2686822958778,NaN,-95.9526230769231
118.9872,5.3236,-4986.69613153846,-686.255654229413,-86.4740639122007,NaN,-78.7475846153846
118.9872,10.4439,-3443.74867538461,-749.757103069878,-580.800048441789,NaN,-66.4712538461539
118.9872,15.5642,-1633.30993230769,242.120230930254,263.226778512663,NaN,-53.9270230769231
118.9872,20.6813,951.144540000015,1578.84447120634,1744.66222940226,NaN,-41.3846307692307
118.9872,25.8016,3840.16605461539,2191.57271004023,2317.37167285045,NaN,-29.2874538461538
118.9872,30.9196,7190.99286846155,1669.80405385523,2127.33700177505,NaN,-18.0497538461538
118.9872,36.0339,10805.9045346154,987.006595269801,2034.55341294176,NaN,-7.90635384615388
118.9872,41.1503,14125.7966846154,-618.130038320251,358.497788182111,NaN,1.19844615384615
118.9872,46.2665,17916.56362,141.66573617176,428.00596774194,NaN,9.15415384615377
118.9872,51.3822,21799.6255438462,378.992573931468,421.431023901813,NaN,16.2030923076923
108.9972,0.2345,-6724.56128846154,-785.645119257541,-605.397364165589,NaN,-84.2907153846154
108.9972,5.3235,-4339.93007538461,-1559.08178224501,-1191.40740561471,NaN,-68.7635153846154
108.9972,10.4401,-2870.30887692308,-503.654710965863,-461.42886664514,NaN,-57.0994230769231
108.9972,15.5571,-904.504316153845,247.186992111726,280.859774193549,NaN,-44.9827
108.9972,20.6768,1635.23161307693,1584.15281491431,1693.6793181451,NaN,-33.4754
108.9972,25.7946,4416.57845846152,2210.40849391483,2249.57257622197,NaN,-22.3204923076924
108.9972,30.9127,7625.32457846154,1742.08161451859,2138.42533892835,NaN,-12.5482769230769
108.9972,36.0306,10814.1323230769,1133.51855723695,1912.35168629982,NaN,-3.41668461538466
108.9972,41.1458,14030.0215192308,63.3274802088423,873.732294526083,NaN,4.80196153846155
108.9972,46.2609,17769.3161592308,159.839095575855,497.97796774194,NaN,11.8874076923077
108.9972,51.3801,21640.6211853846,505.032368598052,573.762990473116,NaN,18.0341769230769
99.0063,0.2346,-5789.03202,-827.145123979807,-914.924353169471,NaN,-74.1379461538462
99.0063,5.3245,-3779.22606461538,-833.042558667819,-524.286221361729,NaN,-59.9327076923077
99.0063,10.4457,-1929.86533230769,-244.804881344543,-214.849822408783,NaN,-48.8736230769231
99.0063,15.5624,44.2550292307685,507.946914815908,507.675048387096,NaN,-37.5403
99.0063,20.6808,2547.23574538461,1747.40668534109,1842.09268056229,NaN,-26.9085384615385
99.0063,25.8028,5225.29631461538,1723.35618612904,1886.9313276335,NaN,-16.9983153846154
99.0063,30.9197,8132.67032923077,1471.16293414917,1852.20187187348,NaN,-7.83598461538461
99.0063,36.0376,11282.13259,947.277688779655,1700.04809983897,NaN,0.657238461538465
99.0063,41.1544,14447.2332730769,-138.543994159491,533.226186632226,NaN,7.77480769230773
99.0063,46.2733,18030.7948769231,85.3355692099884,294.948281980963,NaN,14.1064615384615
99.0063,51.3913,21915.7202807692,467.245358464984,537.208817829458,NaN,19.5624461538461
89.0163,0.2349,-5488.99335230769,-708.69799016831,-1055.60443078913,NaN,-65.0121384615385
89.0163,5.32,-3050.01389,-298.574168537973,-228.694835377662,NaN,-52.3385846153846
89.0163,10.4376,-953.098251538462,105.228957563998,69.3124273724983,NaN,-41.6053153846154
89.0163,15.554,990.542555384621,696.946711399872,677.37713272053,NaN,-31.0522615384615
89.0163,20.67,3584.05700153846,1773.34351222435,1834.93948303716,NaN,-21.2841538461539
89.0163,25.7892,6196.94170538461,1836.6727081152,1946.77733139723,NaN,-12.3464615384616
89.0163,30.9065,8958.9701423077,1665.0894310307,1954.97846998064,NaN,-4.02883846153846
89.0163,36.0216,11929.0491253846,1203.76493030365,1881.78289218851,NaN,3.45324615384614
89.0163,41.1397,15109.2464746154,503.052742965407,1280.40902632004,NaN,9.98669230769229
89.0163,46.2583,18589.4060861538,449.641787923383,883.015020974497,NaN,15.5356153846154
89.0163,51.3765,22184.73229,346.905123870673,578.89709349265,NaN,20.4678615384616
79.0254,0.2343,-4873.87103384616,-427.321826093776,-909.99534131349,NaN,-56.4346230769231
79.0254,5.3194,-2580.55622615385,29.6072538415774,-82.7146223369917,NaN,-44.6983692307692
79.0254,10.437,-363.065960769229,583.463542099513,419.782628350016,NaN,-34.6832307692308
79.0254,15.5543,1717.39427846154,748.192225762632,758.233376351025,NaN,-24.9554692307692
79.0254,20.6738,4379.30494153847,1855.70032448669,1968.86870759289,NaN,-16.1448461538461
79.0254,25.7899,6995.26588846155,1617.08772198231,1837.36558567279,NaN,-7.96349230769229
79.0254,30.9063,9696.16904615383,1704.39936891196,2140.11165079878,NaN,-0.608269230769242
79.0254,36.025,12592.2402607692,1307.06415785936,1858.41703775412,NaN,6.13162307692304
79.0254,41.1407,15715.7247984616,707.493117921941,1455.72310673342,NaN,11.8081307692308
79.0254,46.2557,19132.7856507692,715.747143100848,1274.72673011776,NaN,16.9777846153846
79.0254,51.3754,22654.17143,190.715137382311,521.224903100778,NaN,21.3318538461538
69.0345,0.2346,-4290.57977692308,-812.072739235937,-1203.41575287078,NaN,-48.9223230769231
69.0345,5.3227,-1887.92039923077,-262.857442947257,-297.774661071659,NaN,-38.0778615384615
69.0345,10.4416,223.94622153846,542.561914728276,472.202146892655,NaN,-28.5126923076923
69.0345,15.5599,2425.71559538462,803.309453813092,780.371306451614,NaN,-19.8635538461538
69.0345,20.6782,4963.3843353846,1852.14925883749,1836.17201938611,NaN,-11.8911461538462
69.0345,25.7992,7576.56225769232,1459.4623614941,1711.31404612159,NaN,-4.47357692307692
69.0345,30.9157,10385.9777453846,1976.85145375024,2339.76767790867,NaN,2.32450000000001
69.0345,36.0321,13217.5155792308,1494.41062632181,1993.33167661771,NaN,8.21229230769232
69.0345,41.1479,16252.7950730769,664.153155055223,1381.61737445502,NaN,13.4179076923077
69.0345,46.2656,19710.6621076923,788.376099175685,1441.53895789643,NaN,18.0142153846154
69.0345,51.3863,23105.1177984615,85.438701370771,486.327689822295,NaN,21.8671846153846
59.0436,0.2345,-3803.30623076923,-986.222442527409,-1216.58080840744,NaN,-42.3250384615385
59.0436,5.322,-1504.22161384615,-171.957591092006,-207.983750201711,NaN,-32.3335384615385
59.0436,10.4409,627.655703846154,527.154579597674,450.781614205004,NaN,-23.5025923076923
59.0436,15.5584,2818.20721,516.95877466035,547.346758064517,NaN,-15.3965769230769
59.0436,20.6783,5455.73564846154,1417.04458179483,1411.61899531578,NaN,-8.17743076923077
59.0436,25.7966,8041.20632230771,1741.84973677098,1801.92515327526,NaN,-1.4350923076923
59.0436,30.9116,10770.4385615385,1893.96162513208,2110.12254316604,NaN,4.59996153846153
59.0436,36.0312,13619.6896469231,1296.64850430458,1705.66473624778,NaN,9.96637692307691
59.0436,41.1461,16622.4294807692,617.908835458469,1235.15683836589,NaN,14.6374076923077
59.0436,46.2628,19968.2174084615,1081.57782014251,1722.64959677418,NaN,18.7256769230769
59.0436,51.3788,23368.3345507692,581.604767002188,1178.76117571059,NaN,22.1945461538462
49.0536,0.2345,-3306.18436461539,-604.240101914464,-365.023706338939,NaN,-35.9672692307692
49.0536,5.3201,-1198.62894769231,-160.881094435696,-172.258770372761,NaN,-26.6542615384615
49.0536,10.4385,905.897525384616,411.930597075438,382.529841833441,NaN,-18.6946769230769
49.0536,15.5586,3273.50095692308,692.951202580143,691.006645161291,NaN,-11.3129076923077
49.0536,20.6774,5820.47733846154,1127.75493016549,1131.13801906609,NaN,-4.70719999999998
49.0536,25.7961,8416.48699692309,1495.17059412771,1622.63984185896,NaN,1.41673846153848
49.0536,30.916,11068.74209,1707.93888862083,1900.15413909957,NaN,6.74483076923076
49.0536,36.0323,13959.6014753846,1410.66991919741,1747.7843659245,NaN,11.4662076923077
49.0536,41.1487,16864.0664184615,647.688554417057,1216.64850637816,NaN,15.7585307692308
49.0536,46.2659,20125.1050515385,995.516800926204,1583.03167741936,NaN,19.4295615384615
49.0536,51.3856,23456.4251523077,609.597776356389,1209.55049265061,NaN,22.5040923076923
39.0627,0.2346,-2819.43090076923,-618.086334798519,-393.160533548909,NaN,-30.0564692307692
39.0627,5.3219,-839.106342307693,-84.1193388408994,-138.422401549387,NaN,-21.5502615384615
39.0627,10.44,1382.58386615385,182.643718761956,198.546965784377,NaN,-14.2912461538462
39.0627,15.5581,3694.21573769231,730.855224916069,706.569893514036,NaN,-7.53246923076922
39.0627,20.6768,6231.66175923076,1312.20934261992,1227.92498385013,NaN,-1.63132307692309
39.0627,25.793,8628.22033769231,1414.52948772735,1446.72562530256,NaN,3.8121076923077
39.0627,30.9096,11365.92146,1511.09794231732,1703.21584637728,NaN,8.70403846153844
39.0627,36.0297,14208.5945430769,1403.45003933952,1689.22389866064,NaN,13.0036384615385
39.0627,41.145,17136.2759523077,1173.15703445735,1540.41812015504,NaN,16.7410461538462
39.0627,46.2599,20267.9962746154,1239.99481654734,1688.86519845112,NaN,20.0569076923077
39.0627,51.3792,23635.5809430769,802.819484279078,1325.36546599902,NaN,22.9701461538462
29.0718,0.2348,-2662.74771384615,-323.884863848828,-292.083017952451,NaN,-24.9467076923077
29.0718,5.3239,-653.268563076923,-159.366746606951,-217.276081342802,NaN,-17.1325615384615
29.0718,10.4414,1757.46189692308,365.933526513937,302.801033091202,NaN,-10.5118076923077
29.0718,15.5586,3875.02439153846,464.921580294001,481.736683336023,NaN,-4.46689230769231
29.0718,20.6749,6466.38177,1084.35798636238,1048.46938610662,NaN,1.04400769230769
29.0718,25.7926,8900.97126538463,1335.76246634308,1371.68437953849,NaN,5.92507692307693
29.0718,30.9081,11529.4383861538,1293.84817058571,1412.35980313055,NaN,10.3895076923077
29.0718,36.0237,14312.7665869231,1392.24495694025,1541.97042594384,NaN,14.28
29.0718,41.1414,17178.7641961538,1077.31762900182,1387.46674741602,NaN,17.6547615384615
29.0718,46.2615,20280.4377623077,1011.34286299752,1441.51434102274,NaN,20.6251769230769
29.0718,51.3788,23734.6068153846,1033.18932807898,1474.0230533118,NaN,23.2413230769231
19.0809,0.2345,-2358.72798846154,88.0377839415918,241.772941937571,NaN,-20.2728384615385
19.0809,5.3237,-308.094407692308,-237.318034781201,-201.241817301485,NaN,-13.1327769230769
19.0809,10.4415,1980.07238692308,277.375957979253,243.044964493221,NaN,-6.97246153846154
19.0809,15.5608,4294.52327615384,353.97610526546,369.178870967742,NaN,-1.50376923076923
19.0809,20.6807,6767.16239692307,1079.40087705604,1085.52891293814,NaN,3.53166923076923
19.0809,25.7996,9150.29092923077,1100.40768091823,1163.31648919006,NaN,8.01705384615384
19.0809,30.916,11740.1300576923,1195.9699220658,1320.67121652146,NaN,12.0012307692308
19.0809,36.0312,14389.1057961539,1246.96019829794,1429.58195901242,NaN,15.5304615384616
19.0809,41.1458,17210.7413361539,981.727215530753,1240.75908283547,NaN,18.5934076923077
19.0809,46.2612,20269.1497815384,898.958218500615,1202.89751532753,NaN,21.3159461538461
19.0809,51.3785,23790.8248915384,949.0640818043,1339.15530608949,NaN,23.9615846153846
9.0882,0.2347,-2348.60453307692,324.456020498633,621.987530325085,NaN,-16.1632230769231
9.0882,5.3233,-106.741088461538,-174.929123515091,-165.137760206552,NaN,-9.69851538461539
9.0882,10.441,2207.55336846154,416.742047084651,412.969071832124,NaN,-4.05664615384615
9.0882,15.5593,4473.23689,630.56022530018,595.252500806714,NaN,0.938423076923074
9.0882,20.6793,6806.02521153846,1042.30428904339,1026.86743697479,NaN,5.46636923076923
9.0882,25.8007,9248.5418323077,940.873108233127,1013.22705275044,NaN,9.60919230769231
9.0882,30.9173,11858.7726453846,1005.70309197104,1165.47250282395,NaN,13.2120307692308
9.0882,36.0349,14427.9949484615,1045.81070099013,1202.66072293045,NaN,16.4353615384615
9.0882,41.1498,17200.8463053846,837.688690308966,1052.08462780558,NaN,19.2719153846154
9.0882,46.2684,20370.0197646154,920.847935534829,1171.60735483872,NaN,21.8057769230769
9.0882,51.3857,23885.4870438461,1007.07926010419,1371.83377483443,NaN,24.2372230769231
-0.9036,0.2344,-2469.76698461539,631.195408321205,1127.11525149604,NaN,-12.1142384615385
-0.9036,5.3214,-65.6198507692308,-55.3515415454805,-68.5662255930289,NaN,-6.39409230769231
-0.9036,10.4395,2157.09596461538,331.959893844059,309.009801388665,NaN,-1.35029230769231
-0.9036,15.5594,4444.77048307692,390.853191208735,413.960032258063,NaN,3.25413076923077
-0.9036,20.6797,6812.94599,839.198252999103,822.128437550492,NaN,7.48993846153846
-0.9036,25.8007,9230.79630076923,848.810799467341,898.083333333331,NaN,11.2400615384615
-0.9036,30.9213,11781.6875892308,1087.00653065993,1171.96540819619,NaN,14.4945692307692
-0.9036,36.0367,14442.1139492308,984.479973890971,1154.69857972886,NaN,17.4368538461538
-0.9036,41.1528,17204.6250553846,872.676285011355,1053.05478766349,NaN,19.9868153846154
-0.9036,46.2721,20376.35187,887.564912536555,1097.98543313437,NaN,22.3873615384615
-0.9036,51.3884,24180.6794684615,1324.83366097496,1651.63576158939,NaN,24.8251769230769
-10.8945,0.2344,-2618.27654076923,1219.71750370416,1911.77226265567,NaN,-8.39154615384616
-10.8945,5.321,-141.927770769231,63.2653963868315,196.645764079393,NaN,-3.54387692307692
-10.8945,10.4403,2152.08016923077,351.253349739325,360.732628350017,NaN,1.2684076923077
-10.8945,15.5601,4434.19100615385,575.691789306506,563.975512179384,NaN,5.43153846153846
-10.8945,20.6806,6833.32703615385,602.609438026798,649.491662627241,NaN,9.20982307692307
-10.8945,25.7985,9294.8215923077,834.50093015054,900.920651823172,NaN,12.5715461538462
-10.8945,30.9189,11818.2565238461,863.937006206869,988.157679896746,NaN,15.6681307692308
-10.8945,36.0368,14477.9264,842.90021611947,974.88383088591,NaN,18.2845384615384
-10.8945,41.1542,17286.2469607692,889.180779474921,1043.68676138198,NaN,20.6514615384615
-10.8945,46.2707,20501.3712361539,1015.98581121544,1229.62931785196,NaN,22.9708
-10.8945,51.3884,24898.7582276923,1685.56940331841,1907.25621770026,NaN,25.7361461538462
-20.8854,0.2342,-2849.08834,2153.2200073138,3071.61317917206,NaN,-4.38488461538462
-20.8854,5.3237,-116.191424615384,371.376380887763,473.512153001937,NaN,-0.81630769230769
-20.8854,10.4412,2222.82094230769,367.106199772827,442.101937046004,NaN,3.43936153846154
-20.8854,15.5599,4485.42510538461,379.126873309342,414.877560896919,NaN,7.36295384615384
-20.8854,20.6802,6795.73466153846,585.819792298893,595.915462918081,NaN,10.8783538461538
-20.8854,25.8013,9255.51575846154,749.324749329122,784.081790322583,NaN,13.9830076923077
-20.8854,30.9179,11746.8246307692,818.266053502613,877.920526060993,NaN,16.7318538461538
-20.8854,36.0358,14352.6566576923,951.881242887981,1008.0015975472,NaN,19.1693230769231
-20.8854,41.1505,17215.6534930769,871.388134248415,987.343193928633,NaN,21.3391
-20.8854,46.2665,20584.9475876923,1083.74968103031,1219.52795161291,NaN,23.4930538461538
-20.8854,51.3826,25697.9453738461,1923.48806931572,2150.08977878249,NaN,27.2332076923077
-30.8763,0.234,-3234.75272846154,3184.75517393192,4283.1255701116,NaN,-0.532253846153847
-30.8763,5.3211,69.2451623076916,528.122104677626,684.250823377462,NaN,1.75856153846154
-30.8763,10.4395,2324.32077461539,506.507991214597,591.660167850226,NaN,5.49276923076923
-30.8763,15.5568,4525.61811153846,395.65578877885,451.861477657688,NaN,9.04185384615385
-30.8763,20.6773,6710.88735923077,466.129001440954,503.391373182553,NaN,12.2746230769231
-30.8763,25.7983,9101.77318923077,711.136196307074,755.002677851268,NaN,15.1666230769231
-30.8763,30.9192,11540.0527815385,779.224834100663,816.83175217812,NaN,17.8283769230769
-30.8763,36.0387,14206.8586353846,847.905178980699,931.182862675485,NaN,20.0921076923077
-30.8763,41.1534,17078.4137430769,884.519747403589,982.307653802678,NaN,22.1045692307692
-30.8763,46.2711,20498.0694707692,1233.27623768201,1360.2543474754,NaN,24.2299384615385
-30.8763,51.3891,27231.0249615385,3029.50007739495,3096.12091408269,NaN,30.3305923076923
-40.8672,0.2341,-3939.85423769231,4319.53199009046,5581.04880297638,NaN,4.26850769230769
-40.8672,5.3224,242.64731153846,474.073855445714,581.6065203357,NaN,4.21007692307692
-40.8672,10.4406,2385.37637923077,585.421102587455,663.341291364003,NaN,7.31679230769231
-40.8672,15.5595,4569.77947,476.740059038723,547.256942428641,NaN,10.6444153846154
-40.8672,20.6801,6771.94815461538,523.696740234517,581.635799676899,NaN,13.5249384615385
-40.8672,25.7979,9086.99263,680.63605855271,712.6711727698,NaN,16.2280076923077
-40.8672,30.9187,11495.2663276923,732.859635675512,772.460819751495,NaN,18.6476230769231
-40.8672,36.0336,14149.3241230769,841.385909179755,910.519745120178,NaN,21.0582153846154
-40.8672,41.1498,16955.4722138461,881.431993120372,953.920665159833,NaN,22.9203923076923
-40.8672,46.2677,20738.4813753846,1525.96663905082,1633.70148411034,NaN,25.2547692307692
-40.8672,51.3833,30460.3971330769,3689.89757266982,4027.21368115004,NaN,36.4991307692307
-50.8581,0.2337,-4941.04620153846,5571.50239150355,6897.17720802329,NaN,8.99304615384615
-50.8581,5.3218,322.209218461538,632.590716524021,723.725790832795,NaN,6.67702307692307
-50.8581,10.4427,2498.55936538462,518.967680154425,582.957684856314,NaN,8.97867692307693
-50.8581,15.5632,4639.15667076923,560.748714779854,598.684094208743,NaN,12.0798692307692
-50.8581,20.6799,6850.98351,602.042742462605,660.033850379705,NaN,14.8941615384615
-50.8581,25.7978,9139.21928461539,651.474661183252,702.226185866406,NaN,17.2643615384615
-50.8581,30.9168,11553.1458492308,741.132604402281,788.301516618262,NaN,19.4787076923077
-50.8581,36.0362,14277.5487161538,840.369944180179,894.153154752297,NaN,21.7732384615385
-50.8581,41.1547,17021.7310107692,954.163420772193,1001.28256095591,NaN,23.5514307692308
-50.8581,46.2737,21694.063626923,2434.14360699732,2496.35869635364,NaN,26.8635461538461
-50.8581,51.3904,37828.1038715383,6448.23094849241,6701.15358642972,NaN,49.3928846153844
-60.849,0.234,-5801.08888615385,6614.53471401415,7991.09437166424,NaN,12.0228769230769
-60.849,5.3221,563.396286153846,689.234263408802,764.473035339681,NaN,9.82307692307692
-60.849,10.44,2645.79259307692,506.46712063139,567.067081046173,NaN,10.6155
-60.849,15.5587,4753.66064307692,550.908997655286,597.873334408775,NaN,13.4279384615385
-60.849,20.6751,6936.74964153846,595.117502736993,639.485778926954,NaN,15.9136769230769
-60.849,25.7972,9222.12585923078,683.141202967817,718.965838709675,NaN,18.2563846153846
-60.849,30.9165,11673.6997469231,765.872454424391,818.816427303533,NaN,20.3361384615385
-60.849,36.0316,14387.4287969231,789.622925226586,860.953420458206,NaN,22.4691615384615
-60.849,41.1499,17331.9615569231,1230.96335081274,1262.06493380691,NaN,24.2900461538461
-60.849,46.2697,23888.3451315384,3156.77592107641,3325.73306451614,NaN,30.4816846153845
-60.849,51.3902,52175.0268192308,9413.38038748892,10835.3795153473,NaN,74.4538999999999
-70.8399,0.2341,-6453.10313923077,6919.05770233704,8153.44172464003,NaN,13.7933
-70.8399,5.3189,1196.11800153846,1271.7745747306,1319.09530493708,NaN,15.4122615384615
-70.8399,10.4407,3460.67333307692,541.832662652768,628.461052801549,NaN,12.4230846153846
-70.8399,15.5578,5503.49253769231,623.744130111991,735.694354838709,NaN,14.7333692307692
-70.8399,20.6746,7523.51012692308,645.88450091791,712.374987881726,NaN,16.9913384615385
-70.8399,25.7945,9757.66321461539,692.099367850626,809.341245764076,NaN,19.1796461538462
-70.8399,30.9111,12172.5304676923,787.928921609226,872.242723459185,NaN,21.2439769230769
-70.8399,36.0265,14775.1081169231,850.457709553319,938.639867699262,NaN,23.1738538461538
-70.8399,41.1413,17899.9130546154,1713.40961376305,1775.89189276486,NaN,25.0782923076923
-70.8399,46.2601,32017.1774346154,6626.28310821595,6665.74340109715,NaN,44.3531923076923
-70.8399,51.3771,69545.6096938461,13733.5626419883,15349.2078513732,NaN,105.177061538461
-80.8308,0.2343,-7255.90797538462,6752.33328928931,7915.5909252669,NaN,15.0919153846154
-80.8308,5.3226,1580.87434230769,1513.89981946475,1609.45774443369,NaN,21.5988230769231
-80.8308,10.4421,4201.35653923077,681.512840490375,795.372311914756,NaN,14.0486230769231
-80.8308,15.5609,6252.23159923077,767.355693630709,941.80414516129,NaN,16.0071461538462
-80.8308,20.6814,8303.51789230769,742.282233320182,884.885084033612,NaN,18.0785769230769
-80.8308,25.803,10521.6807576923,787.527876115389,995.29506371996,NaN,20.2634615384615
-80.8308,30.9226,12943.4625169231,681.304331465651,861.218070345271,NaN,22.0327
-80.8308,36.0411,15650.6861176923,935.443389042438,1117.51429262784,NaN,23.8803384615385
-80.8308,41.159,20201.1236046154,2546.41332434682,2686.25809523809,NaN,27.1668615384616
-80.8308,46.2772,45360.2203961538,11315.347892195,11863.7392672692,NaN,67.1558384615383
-80.8308,51.3938,107503.644502307,36831.4265444479,38196.3676204332,NaN,171.39593076923
-90.819,0.2344,-8165.53343153847,6908.07184982948,7996.93774256145,NaN,16.5686307692308
-90.819,5.3211,1633.02831153846,1921.47049921601,1961.31290947233,NaN,27.5526307692308
-90.819,10.4401,4650.80055846153,581.391558143921,737.450411622275,NaN,15.5695384615385
-90.819,15.5599,6793.03928538462,964.001204320678,1191.8129516129,NaN,17.0026076923077
-90.819,20.6786,8961.58761153846,930.144657006273,1100.87294022617,NaN,18.9542538461538
-90.819,25.7954,11146.6363030769,952.756659833386,1183.90843684466,NaN,20.8938230769231
-90.819,30.9155,13583.9509969231,682.360140332796,898.143320425946,NaN,22.6569692307692
-90.819,36.0324,16606.3751061538,1014.50934855114,1231.21830940475,NaN,24.7605230769231
-90.819,41.1511,26281.6414484616,5084.67184213288,5529.71900226026,NaN,37.3938615384616
-90.819,46.2672,63014.91312,18865.8306453658,19271.5860161291,NaN,98.5001153846155
-90.819,51.3869,178973.489615384,65670.5535895698,68336.9384988675,NaN,291.685715384615
-100.8099,0.2344,-9365.32662461539,7092.24732338866,7997.14911855086,NaN,17.1354615384615
-100.8099,5.3201,1663.16784692308,1727.09319169042,1970.79439961265,NaN,33.2542769230769
-100.8099,10.439,4946.69151384615,929.729790118971,1102.74615012106,NaN,16.6312846153846
-100.8099,15.5561,7177.34479923077,1334.33201454325,1432.03068236813,NaN,17.5094153846154
-100.8099,20.6736,9532.03634153846,1077.64712665945,1290.76713523994,NaN,19.4218153846154
-100.8099,25.7936,11656.5109407692,824.015905876452,1214.38068731849,NaN,21.1847615384615
-100.8099,30.9137,14938.8387384615,860.450080788047,1286.53235436501,NaN,23.4850692307692
-100.8099,36.0328,18518.7568653846,2017.11731671014,2323.93412391094,NaN,26.1684384615384
-100.8099,41.1512,37673.1238707692,10446.8505298619,10986.2726949783,NaN,57.2190846153846
-100.8099,46.2688,95587.8143315389,29204.3954804229,30212.685555197,NaN,159.271276923078
-100.8099,51.3885,257895.604061537,76309.5417340397,78663.636984307,NaN,418.014807692306
-110.8053,0.234,-10462.5382061538,7259.56316636909,7855.17302280446,NaN,16.0157153846154
-110.8053,5.3211,1977.11888692308,2039.54228070878,2233.50682478219,NaN,37.3128
-110.8053,10.4415,5368.29332153846,920.191843905517,1173.58660426081,NaN,17.5547923076923
-110.8053,15.5599,7674.71416153846,1646.71051898643,1767.66256857051,NaN,17.4928769230769
-110.8053,20.6789,10227.8675661538,976.050108054509,1244.58582969785,NaN,19.2098
-110.8053,25.7961,13297.2695992308,1295.05723634795,1784.41677148846,NaN,21.9504846153846
-110.8053,30.9153,17174.1109246154,1044.96757348227,1572.29586830212,NaN,24.5377
-110.8053,36.0327,23412.2923338461,3281.32790980768,3761.45890609871,NaN,32.6603769230769
-110.8053,41.1497,52916.2776646153,13551.3008878613,14760.8334086873,NaN,84.4450076923077
-110.8053,46.2679,141259.239783845,55412.6630572784,57255.7473998709,NaN,242.604107692306
-110.8053,51.3847,302293.694129232,81016.7197006845,84489.3416114974,NaN,487.756969230771
-120.7962,0.2345,-10575.3848730769,7174.17843364505,7405.12759178392,NaN,16.1222307692308
-120.7962,5.3228,2562.40264153846,1953.75163801861,2198.5357431015,NaN,41.1692769230769
-120.7962,10.4402,5713.60192,1220.79049053848,1401.71879237972,NaN,19.4038076923077
-120.7962,15.5574,7898.05925692307,1492.73714443127,1606.76274604711,NaN,17.3525230769231
-120.7962,20.6732,11783.16065,2053.36960924129,2081.31325573877,NaN,20.4347384615385
-120.7962,25.7904,15750.5641353846,1929.02080393258,1850.80354895952,NaN,23.7279769230769
-120.7962,30.9078,19686.9900038462,2393.9015722223,2691.0882523802,NaN,26.7612538461538
-120.7962,36.0234,28862.6155861538,5174.94787835117,6251.44979828955,NaN,41.7889153846154
-120.7962,41.1389,70662.4955400001,25186.0472976546,26389.074531351,NaN,116.243907692308
-120.7962,46.2581,187516.385592307,58363.9439352704,59748.5617770598,NaN,317.549761538461
-120.7962,51.3766,330163.301908461,73427.3825384286,79446.9182009385,NaN,524.746707692308
