,x_deg,x_moteus_deg,y,l,mode,u_ff,t_s
0,-34.80102539062501,-94.801025390625,0.18109572922301678,0.1189042707769832,2,0.0,3924.991052743
1,-34.405517578125,-94.405517578125,0.18058594251779717,0.11941405748220282,2,0.6351788727411114,3924.993333062
2,-34.16931152343751,-94.1693115234375,0.1802808281200825,0.11971917187991749,2,0.662190696383741,3924.994658591
3,-33.96606445312501,-93.966064453125,0.18001790203010448,0.11998209796989551,2,0.6857770175217457,3924.995920657
4,-33.7298583984375,-93.7298583984375,0.17971189877229424,0.12028810122770575,2,0.7073483199016737,3924.997261408
5,-33.49914550781251,-93.4991455078125,0.17941256280298767,0.12058743719701231,2,0.728798140609564,3924.998468123
6,-33.284912109375,-93.284912109375,0.1791342178820221,0.12086578211797788,2,0.747671535400185,3924.999728985
7,-33.03771972656251,-93.0377197265625,0.17881259273712632,0.12118740726287366,2,0.7655640570444271,3925.001089384
8,-32.71911621093751,-92.7191162109375,0.17839734570721655,0.12160265429278344,2,0.7855602248617095,3925.00269443
9,-32.41699218750001,-92.4169921875,0.17800285871442345,0.12199714128557654,2,0.8050785123472053,3925.004199957
10,-32.12585449218751,-92.1258544921875,0.1776220728603381,0.12237792713966189,2,0.8221583629513762,3925.005530412
11,-31.840209960937504,-91.8402099609375,0.1772478737469314,0.12275212625306858,2,0.8357415817613245,3925.006796793
12,-31.582031250000004,-91.58203125,0.1769091589471876,0.1230908410528124,2,0.847975834828137,3925.0080666
13,-31.285400390625007,-91.285400390625,0.17651943096753214,0.12348056903246785,2,0.8594334154452112,3925.009324852
14,-30.972290039062507,-90.9722900390625,0.1761074130908756,0.12389258690912439,2,0.8696360247310266,3925.010608566
15,-30.670166015625004,-90.670166015625,0.17570924950859038,0.12429075049140961,2,0.8788083350115248,3925.011843243
16,-30.36254882812501,-90.362548828125,0.17530325805861519,0.1246967419413848,2,0.8869253827490866,3925.013142106
17,-30.06591796875,-90.06591796875,0.17491122212631569,0.1250887778736843,2,0.8942729460923433,3925.014405616
18,-29.769287109375,-89.769287109375,0.17451866968581944,0.12548133031418054,2,0.9005333827308675,3925.01559522
19,-29.45068359375001,-89.45068359375,0.17409648400189737,0.12590351599810262,2,0.9056550234746155,3925.016883471
20,-29.126586914062504,-89.1265869140625,0.17366645109230275,0.12633354890769724,2,0.9101240844778604,3925.018090649
21,-28.802490234375,-88.802490234375,0.17323586789576897,0.12676413210423101,2,0.9134938318476202,3925.019364012
22,-28.48388671875001,-88.48388671875,0.17281206848274816,0.12718793151725183,2,0.9160803988359876,3925.020616319
23,-28.159790039062504,-88.1597900390625,0.17238046158048023,0.12761953841951976,2,0.9178244841115102,3925.021890311
24,-27.7972412109375,-87.7972412109375,0.1718970767238135,0.1281029232761865,2,0.9186729579106441,3925.023118951
25,-27.396240234375004,-87.396240234375,0.1713617593967383,0.12863824060326168,2,0.9186764851171318,3925.024397258
26,-26.94580078125,-86.94580078125,0.1707596636748234,0.1292403363251766,2,0.9178281187816777,3925.025660028
27,-26.473388671875007,-86.473388671875,0.17012737447940593,0.12987262552059406,2,0.9161530918045333,3925.02690815
28,-25.962524414062504,-85.9625244140625,0.16944275152637797,0.13055724847362202,2,0.9136935388073826,3925.028149865
29,-25.319824218750007,-85.31982421875,0.16858030332641016,0.13141969667358983,2,0.9104530702211793,3925.029406005
30,-24.649658203125007,-84.649658203125,0.1676798124033731,0.1323201875966269,2,0.9063750181930107,3925.030680793
31,-23.957519531250004,-83.95751953125,0.1667487337165819,0.1332512662834181,2,0.9015394421040193,3925.031901878
32,-23.1719970703125,-83.1719970703125,0.16569099642085247,0.13430900357914752,2,0.896139126805106,3925.033179796
33,-22.40295410156251,-82.4029541015625,0.16465467312350768,0.1353453268764923,2,0.8895279800314395,3925.034441844
34,-21.6064453125,-81.6064453125,0.16358084483102225,0.13641915516897773,2,0.8825293068158446,3925.035669744
35,-20.771484375,-80.771484375,0.16245498757436855,0.13754501242563144,2,0.8749367062806702,3925.03695368
36,-19.931030273437496,-79.9310302734375,0.16132189751004522,0.13867810248995477,2,0.8664220989428086,3925.038205117
37,-19.090576171875007,-79.090576171875,0.16018935592289862,0.13981064407710136,2,0.857148037059779,3925.039451017
38,-18.239135742187496,-78.2391357421875,0.1590429488012748,0.14095705119872518,2,0.8474989608483121,3925.040686824
39,-17.360229492187507,-77.3602294921875,0.15786095434184136,0.14213904565815863,2,0.837036757693574,3925.041951779
40,-16.486816406250007,-76.48681640625,0.156688154763214,0.143311845236786,2,0.8260132080955109,3925.043166957
41,-15.640869140625002,-75.640869140625,0.1555543323311861,0.1444456676688139,2,0.8149142177103701,3925.044441041
42,-14.739990234375009,-74.739990234375,0.15434956114076348,0.1456504388592365,2,0.8022098333335892,3925.045666812
43,-13.866577148437509,-73.8665771484375,0.15318455132193554,0.14681544867806445,2,0.789543416876999,3925.046914415
44,-12.993164062500009,-72.9931640625,0.15202291196670684,0.14797708803329315,2,0.7765105137728292,3925.048162481
45,-12.081298828125009,-72.081298828125,0.15081413474520985,0.14918586525479013,2,0.7624610064945134,3925.049451251
46,-11.191406249999998,-71.19140625,0.14963882379601487,0.15036117620398512,2,0.7475137623216473,3925.050654299
47,-10.323486328125002,-70.323486328125,0.14849703029712963,0.15150296970287036,2,0.7326611843698201,3925.05190231
48,-9.444580078124998,-69.444580078125,0.14734566842983707,0.15265433157016292,2,0.7169919805059537,3925.053173561
49,-8.58764648437501,-68.587646484375,0.14622815916276535,0.15377184083723464,2,0.7009068369881836,3925.054398443
50,-7.73071289062501,-67.730712890625,0.14511597713681348,0.1548840228631865,2,0.6848779709218198,3925.055631324
51,-6.8243408203125,-66.8243408203125,0.14394577445989054,0.15605422554010945,2,0.6676534671217611,3925.056980667
52,-5.912475585937499,-65.9124755859375,0.14277521093256587,0.15722478906743412,2,0.6489606664719937,3925.058216141
53,-5.07202148437501,-65.072021484375,0.14170260479381577,0.15829739520618422,2,0.6309070197775006,3925.059444208
54,-4.204101562500001,-64.2041015625,0.14060157223552325,0.15939842776447674,2,0.6132395200725517,3925.060720126
55,-3.3306884765625013,-63.3306884765625,0.13950065899308683,0.16049934100691315,2,0.5938822577366536,3925.061946711
56,-2.4957275390625027,-62.4957275390625,0.13845512574542,0.16154487425458,2,0.5749997311648958,3925.063148629
57,-1.68823242187501,-61.688232421875,0.1374506447307461,0.16254935526925388,2,0.556125830118215,3925.064398307
58,-0.8038330078125029,-60.8038330078125,0.13635826781492388,0.1636417321850761,2,0.535491823642283,3925.065638132
59,0.014648437499997299,-59.9853515625,0.13535477554238987,0.16464522445761012,2,0.5153572709548795,3925.066881365
60,0.8386230468750012,-59.161376953125,0.134352012963865,0.16564798703613498,2,0.49519406912286434,3925.06812995
61,1.7010498046874933,-58.2989501953125,0.13331069839765305,0.16668930160234693,2,0.47405899809846397,3925.069387516
62,2.530517578125001,-57.469482421875,0.1323173405581677,0.16768265944183228,2,0.4525601980593186,3925.070644323
63,3.3819580078124982,-56.6180419921875,0.13130619664300602,0.16869380335699397,2,0.43040453687130453,3925.071886538
64,4.227905273437498,-55.7720947265625,0.1303103282972143,0.16968967170278568,2,0.40880637784497237,3925.073151808
65,5.035400390624997,-54.964599609375,0.12936803770413793,0.17063196229586206,2,0.3861262889824073,3925.074367911
66,5.859374999999995,-54.140625,0.12841504942724663,0.17158495057275336,2,0.36367024470648146,3925.075634533
67,6.683349609374999,-53.316650390625,0.12747083762847689,0.1725291623715231,2,0.3406024895038743,3925.076902488
68,7.4798583984374964,-52.5201416015625,0.1265665842624289,0.1734334157375711,2,0.3175047629820198,3925.078116351
69,8.243408203124998,-51.756591796875,0.12570770046335952,0.17429229953664047,2,0.2948919190630164,3925.079358158
70,9.006958007812498,-50.9930419921875,0.12485671142678471,0.17514328857321526,2,0.2710311772467074,3925.080617595
71,9.770507812499993,-50.2294921875,0.1240137207137328,0.1759862792862672,2,0.24721487114558538,3925.081850161
72,10.495605468749993,-49.50439453125,0.12322067650224136,0.17677932349775863,2,0.22323116544091903,3925.08308695
73,11.198730468749996,-48.80126953125,0.1224587123962773,0.17754128760372268,2,0.2001165135900696,3925.084340646
74,11.896362304687496,-48.1036376953125,0.12170962864737786,0.17829037135262213,2,0.1757123777711999,3925.085589342
75,12.533569335937495,-47.4664306640625,0.1210315100990032,0.17896848990099679,2,0.1513841027077435,3925.08682439
76,13.187255859374996,-46.812744140625,0.12034193943828757,0.1796580605617124,2,0.1268824511308822,3925.088100067
77,13.813476562499998,-46.1865234375,0.11968716542900926,0.18031283457099073,2,0.10149615816906282,3925.089345578
78,14.395751953124996,-45.604248046875,0.11908348747015562,0.18091651252984436,2,0.07728382401219552,3925.090580959
79,14.939575195312493,-45.0604248046875,0.11852418118611452,0.18147581881388547,2,0.052671160418918506,3925.091800211
80,15.488891601562493,-44.5111083984375,0.11796366754016359,0.18203633245983641,2,0.027876511379371693,3925.09305674
81,15.994262695312495,-44.0057373046875,0.11745195707057474,0.18254804292942525,2,0.003188203058093475,3925.094286084
82,16.466674804687493,-43.5333251953125,0.11697706755055215,0.18302293244944784,2,-0.02138733732678255,3925.09545591
83,16.889648437499996,-43.1103515625,0.11655471382573121,0.18344528617426878,2,-0.04484257375650569,3925.096692569
84,17.323608398437496,-42.6763916015625,0.11612418597677639,0.18387581402322362,2,-0.06976074766866264,3925.097882117
85,17.697143554687496,-42.3028564453125,0.11575587965032891,0.18424412034967108,2,-0.09427667280952645,3925.099100388
86,18.05419921875,-41.94580078125,0.11540579452434883,0.18459420547565114,2,-0.11852865577526339,3925.100393232
87,18.394775390624996,-41.605224609375,0.11507366781225899,0.18492633218774102,2,-0.14444726145282039,3925.101640224
88,18.6859130859375,-41.3140869140625,0.11479114969073827,0.1852088503092617,2,-0.16926251784797197,3925.102852772
89,18.938598632812493,-41.0614013671875,0.11454699063045397,0.185453009369546,2,-0.1932801551650622,3925.10406919
90,19.158325195312496,-40.8416748046875,0.1143354691746284,0.1856645308253716,2,-0.21794906700616856,3925.105289572
91,19.306640624999996,-40.693359375,0.1141931085056651,0.18580689149433488,2,-0.24183615394455385,3925.106482027
92,19.449462890624993,-40.550537109375,0.1140563378656538,0.18594366213434618,2,-0.26554190262131705,3925.10767939
93,19.542846679687493,-40.4571533203125,0.1139670794003988,0.1860329205996012,2,-0.28987434011643304,3925.108968382
94,19.608764648437493,-40.3912353515625,0.11390415367807652,0.18609584632192347,2,-0.3146109778340864,3925.110241615
95,19.630737304687496,-40.3692626953125,0.1138831932009655,0.18611680679903447,2,-0.3399188239376814,3925.111468478
96,19.603271484374996,-40.396728515625,0.11390939495088095,0.18609060504911903,2,-0.3639329983025099,3925.112734118
97,19.559326171874996,-40.440673828125,0.11395134174213628,0.1860486582578637,2,-0.38793582441690877,3925.114006925
98,19.465942382812496,-40.5340576171875,0.11404057668838286,0.18595942331161713,2,-0.4122254879536062,3925.115224103
99,19.345092773437496,-40.6549072265625,0.11415625499559999,0.18584374500439999,2,-0.4354199689226121,3925.116447873
100,19.185791015624996,-40.814208984375,0.11430908076180686,0.18569091923819314,2,-0.45913435533544217,3925.117719032
101,18.988037109374996,-41.011962890625,0.11449933413205332,0.18550066586794667,2,-0.4823232503423572,3925.118943765
102,18.762817382812493,-41.2371826171875,0.11471673750307507,0.18528326249692492,2,-0.5049868527010868,3925.120297812
103,18.455200195312493,-41.5447998046875,0.11501492602513547,0.18498507397486452,2,-0.5309664934610571,3925.1216241
104,18.153076171874996,-41.846923828125,0.11530918935143714,0.18469081064856285,2,-0.5538923348599621,3925.12284837
105,17.834472656249996,-42.16552734375,0.11562100311460832,0.18437899688539167,2,-0.5761074075164817,3925.124113233
106,17.4774169921875,-42.5225830078125,0.11597227522588961,0.1840277247741104,2,-0.598759085835859,3925.125383299
107,17.076416015624996,-42.923583984375,0.11636907571163832,0.18363092428836167,2,-0.6205977164605839,3925.126598421
108,16.658935546875,-43.341064453125,0.11678475561540096,0.18321524438459902,2,-0.6411695445091301,3925.127817302
109,16.203002929687496,-43.7969970703125,0.11724171046095119,0.1827582895390488,2,-0.6620376718086631,3925.129111961
110,15.730590820312493,-44.2694091796875,0.1177184616322593,0.1822815383677407,2,-0.6836877291490903,3925.130327509
111,15.214233398437496,-44.7857666015625,0.11824336489169102,0.18175663510830897,2,-0.7037932266894742,3925.131554353
112,14.664916992187495,-45.3350830078125,0.11880611361110316,0.18119388638889683,2,-0.7232815219938957,3925.132804771
113,14.082641601562498,-45.9173583984375,0.11940748837839338,0.1805925116216066,2,-0.7428455718853251,3925.13403106
114,13.500366210937495,-46.4996337890625,0.12001383760992969,0.17998616239007031,2,-0.7617621104182439,3925.135305182
115,12.846679687499998,-47.1533203125,0.12070043962311275,0.17929956037688724,2,-0.7812874525891205,3925.136615248
116,12.165527343749996,-47.83447265625,0.12142247054179953,0.17857752945820046,2,-0.8004963994358585,3925.137821796
117,11.500854492187493,-48.4991455078125,0.12213345512579592,0.17786654487420406,2,-0.8182066894812204,3925.139069047
118,10.836181640624996,-49.163818359375,0.12285072904796623,0.17714927095203375,2,-0.8354168882781696,3925.140312317
119,10.061645507812495,-49.9383544921875,0.12369441958372843,0.17630558041627156,2,-0.8528731711536017,3925.141610161
120,9.303588867187498,-50.6964111328125,0.12452826305215708,0.1754717369478429,2,-0.8697889407331545,3925.142821024
121,8.562011718749993,-51.43798828125,0.1253516456167247,0.17464835438327528,2,-0.8854059941058261,3925.144084072
122,7.7490234374999964,-52.2509765625,0.12626291800329567,0.17373708199670432,2,-0.9012997467061806,3925.145347471
123,6.941528320312497,-53.0584716796875,0.12717681459765526,0.17282318540234473,2,-0.9165603203901894,3925.146582704
124,6.134033203124998,-53.865966796875,0.12809932937747848,0.1719006706225215,2,-0.9311645218111781,3925.147773104
125,5.321044921874996,-54.678955078125,0.12903668429157977,0.17096331570842022,2,-0.9446879669217891,3925.149074745
126,4.436645507812495,-55.5633544921875,0.1300659583223835,0.1699340416776165,2,-0.9585379651178185,3925.150321144
127,3.5742187499999964,-56.42578125,0.13107908997964998,0.16892091002035,2,-0.9713575443406274,3925.151532452
128,2.7008056640624902,-57.2991943359375,0.13211441423006148,0.1678855857699385,2,-0.9832992678790586,3925.152791684
129,1.8109130859374922,-58.1890869140625,0.13317866365234798,0.166821336347652,2,-0.9951693087117712,3925.154049103
130,0.8880615234374969,-59.1119384765625,0.13429208986078,0.16570791013921998,2,-1.006547016075393,3925.155272058
131,-0.023803710937503563,-60.0238037109375,0.13540175564379142,0.16459824435620857,2,-1.0167781307756785,3925.156493125
132,-0.9301757812500003,-60.93017578125,0.1365138144962261,0.1634861855037739,2,-1.0265635422689678,3925.157725746
133,-1.8420410156250007,-61.842041015625,0.1376414593732425,0.1623585406267575,2,-1.0353201524871225,3925.158908535
134,-2.74841308593751,-62.7484130859375,0.13877080905760414,0.16122919094239585,2,-1.0436215747294764,3925.160198805
135,-3.7536621093749982,-63.753662109375,0.14003289947287298,0.159967100527127,2,-1.051623231415267,3925.161468427
136,-4.758911132812499,-64.7589111328125,0.14130460549249488,0.1586953945075051,2,-1.0589364677686262,3925.16271503
137,-5.709228515625,-65.709228515625,0.14251525851054736,0.15748474148945263,2,-1.0654483465618423,3925.163971671
138,-6.741943359375007,-66.741943359375,0.14383971779145058,0.1561602822085494,2,-1.0712287341689737,3925.165278959
139,-7.747192382812508,-67.7471923828125,0.14513731305591723,0.15486268694408276,2,-1.07633551349539,3925.166519581
140,-8.708496093750004,-68.70849609375,0.1463854412534803,0.1536145587465197,2,-1.0803785749646657,3925.167748295
141,-9.697265625000007,-69.697265625,0.1476761608675759,0.1523238391324241,2,-1.0837761419702194,3925.168981195
142,-10.6915283203125,-70.6915283203125,0.148980643375755,0.15101935662424498,2,-1.0864078168332372,3925.170243039
143,-11.685791015625005,-71.685791015625,0.15029122184296853,0.14970877815703146,2,-1.0882370108593,3925.17146505
144,-12.713012695312509,-72.7130126953125,0.15165108642033379,0.1483489135796662,2,-1.089257910175904,3925.172678432
145,-13.795166015624998,-73.795166015625,0.1530894428632973,0.1469105571367027,2,-1.089491772175589,3925.17409046
146,-14.849853515625007,-74.849853515625,0.15449632276553293,0.14550367723446705,2,-1.0887452679582044,3925.175307452
147,-15.860595703125,-75.860595703125,0.15584861282135004,0.14415138717864995,2,-1.08721219017965,3925.176563648
148,-16.871337890625004,-76.871337890625,0.15720423370513176,0.14279576629486823,2,-1.084824513490103,3925.177847585
149,-17.9095458984375,-77.9095458984375,0.1585995131357436,0.14140048686425638,2,-1.081397665004614,3925.179108188
150,-18.942260742187507,-78.9422607421875,0.15998958055959644,0.14001041944040354,2,-1.077129353906925,3925.180413235
151,-20.0079345703125,-80.0079345703125,0.16142556179393244,0.13857443820606755,2,-1.0717649452994167,3925.181641543
152,-20.991210937499996,-80.9912109375,0.16275126423608607,0.13724873576391391,2,-1.0658092269914556,3925.182915127
153,-22.040405273437504,-82.0404052734375,0.16416593924641362,0.13583406075358637,2,-1.0586467754660158,3925.184254101
154,-23.117065429687504,-83.1170654296875,0.16561699523119555,0.13438300476880444,2,-1.0500035774664902,3925.185493185
155,-24.127807617187507,-84.1278076171875,0.16697789726994317,0.13302210273005682,2,-1.0410130119306975,3925.186716493
156,-25.1055908203125,-85.1055908203125,0.16829256392999528,0.1317074360700047,2,-1.031344245263499,3925.187901467
157,-26.138305664062507,-86.1383056640625,0.1696784172719194,0.1303215827280806,2,-1.0206115348116318,3925.189339347
158,-27.357788085937504,-87.3577880859375,0.1713103924411151,0.1286896075588849,2,-1.0070404215849904,3925.19079406
159,-28.494873046875004,-88.494873046875,0.1728266905042729,0.12717330949572708,2,-0.9916789050911412,3925.192265384
160,-29.725341796875007,-89.725341796875,0.17446047090957836,0.12553952909042163,2,-0.9746384928812719,3925.193762486
161,-30.9228515625,-90.9228515625,0.17604229903283558,0.12395770096716441,2,-0.9558522755886389,3925.195231681
162,-32.076416015625,-92.076416015625,0.1775573495613164,0.12244265043868358,2,-0.9359621795535341,3925.196718875
163,-33.251953125,-93.251953125,0.17909136268164572,0.12090863731835427,2,-0.9141490870767606,3925.198180903
164,-34.405517578125,-94.405517578125,0.18058594251779717,0.11941405748220282,2,-0.8891358647002231,3925.199753819
165,-35.6689453125,-95.6689453125,0.1822094052434067,0.11779059475659329,1,-0.8649746649593917,3925.201230958
166,-36.74011230468751,-96.7401123046875,0.18357382434267983,0.11642617565732016,1,0.0,3925.202714116
167,-37.877197265625,-97.877197265625,0.18500919453650916,0.11499080546349083,1,0.0,3925.204114718
168,-38.97033691406251,-98.9703369140625,0.18637556672371564,0.11362443327628435,1,0.0,3925.205535524
169,-40.03051757812501,-100.030517578125,0.18768725155091198,0.112312748449088,1,0.0,3925.206820572
170,-40.9698486328125,-100.9698486328125,0.18883768528283604,0.11116231471716395,1,0.0,3925.208210934
171,-41.97509765625001,-101.97509765625,0.1900560041555334,0.1099439958444666,1,0.0,3925.209625499
172,-42.974853515625,-102.974853515625,0.19125385799504127,0.10874614200495872,1,0.0,3925.211011324
173,-43.94714355468751,-103.9471435546875,0.1924049889583596,0.10759501104164038,1,0.0,3925.212399871
174,-44.95239257812501,-104.952392578125,0.19358019518184028,0.10641980481815971,1,0.0,3925.213838917
175,-45.93566894531251,-105.9356689453125,0.19471441028020747,0.10528558971979252,1,0.0,3925.21522452
176,-46.864013671875,-106.864013671875,0.19577083878727453,0.10422916121272546,1,0.0,3925.216623992
177,-47.81982421875001,-107.81982421875,0.19684336171648104,0.10315663828351895,1,0.0,3925.218144372
178,-48.83056640625,-108.83056640625,0.19796021353591325,0.10203978646408673,1,0.0,3925.219531363
179,-49.7259521484375,-109.7259521484375,0.1989342519701196,0.10106574802988039,1,0.0,3925.220920744
180,-50.62683105468751,-110.6268310546875,0.19989927264701673,0.10010072735298325,1,0.0,3925.222222532
181,-51.4947509765625,-111.4947509765625,0.20081437108173977,0.09918562891826022,1,0.0,3925.223652597
182,-52.39562988281251,-112.3956298828125,0.20174864640197904,0.09825135359802095,1,0.0,3925.225063292
183,-53.25256347656251,-113.2525634765625,0.20262225754191007,0.09737774245808992,1,0.0,3925.226451395
184,-54.09851074218751,-114.0985107421875,0.20346989471234148,0.09653010528765851,1,0.0,3925.227898997
185,-54.98291015625,-114.98291015625,0.20434001056686288,0.09565998943313711,1,0.0,3925.229382043
186,-55.861816406250014,-115.86181640625,0.2051881107531174,0.09481188924688258,1,0.0,3925.230788738
187,-56.64733886718751,-116.6473388671875,0.20593179790122795,0.09406820209877204,1,0.0,3925.232194859
188,-57.45483398437501,-117.454833984375,0.20668194568096718,0.09331805431903281,1,0.0,3925.233622739
189,-58.2403564453125,-118.2403564453125,0.20739748172899247,0.09260251827100752,1,0.0,3925.235004193
190,-59.01489257812501,-119.014892578125,0.20808906526536997,0.09191093473463002,1,0.0,3925.236394296
191,-59.7509765625,-119.7509765625,0.20873327766913832,0.09126672233086167,1,0.0,3925.237784935
192,-60.492553710937514,-120.4925537109375,0.20936925604455597,0.09063074395544402,1,0.0,3925.239196408
193,-61.195678710937514,-121.1956787109375,0.20995999791523579,0.0900400020847642,1,0.0,3925.240580159
194,-61.89880371093751,-121.8988037109375,0.21053864633448907,0.08946135366551092,1,0.0,3925.241961095
195,-62.574462890625,-122.574462890625,0.21108315422246332,0.08891684577753667,1,0.0,3925.243342086
196,-63.277587890625,-123.277587890625,0.2116376448601357,0.08836235513986429,1,0.0,3925.244763948
197,-63.969726562500014,-123.9697265625,0.21217122559636475,0.08782877440363523,1,0.0,3925.246151939
198,-64.62890625000001,-124.62890625,0.21266797591708408,0.0873320240829159,1,0.0,3925.247537745
199,-65.2386474609375,-125.2386474609375,0.2131174466428581,0.0868825533571419,1,0.0,3925.248923403
200,-65.8648681640625,-125.8648681640625,0.21356894165761792,0.08643105834238207,1,0.0,3925.25028845
201,-66.41967773437501,-126.419677734375,0.21396030422475013,0.08603969577524986,1,0.0,3925.251547424
202,-67.02941894531251,-127.0294189453125,0.21438096573741122,0.08561903426258877,1,0.0,3925.252840694
203,-67.54028320312501,-127.540283203125,0.21472573407103474,0.08527426592896525,1,0.0,3925.254122742
204,-68.0126953125,-128.0126953125,0.21503827761697553,0.08496172238302446,1,0.0,3925.255517048
205,-68.25439453125,-128.25439453125,0.21519583966039924,0.08480416033960075,1,0.0,3925.256893743
206,-68.17749023437499,-128.177490234375,0.2151458788644162,0.0848541211355838,1,0.0,3925.258278438
207,-67.847900390625,-127.847900390625,0.21492993802298893,0.08507006197701106,1,0.0,3925.259682522
208,-67.4578857421875,-127.4578857421875,0.21467060198881988,0.08532939801118011,1,0.0,3925.261086217
209,-67.0953369140625,-127.0953369140625,0.2144258465410463,0.0855741534589537,1,0.0,3925.262368727
210,-66.73828125,-126.73828125,0.21418134881138556,0.08581865118861443,1,0.0,3925.263738237
211,-66.37023925781251,-126.3702392578125,0.21392576180803002,0.08607423819196997,1,0.0,3925.265146747
212,-66.0076904296875,-126.0076904296875,0.2136704677618732,0.08632953223812678,1,0.0,3925.266622238
213,-65.6121826171875,-125.6121826171875,0.21338800005104935,0.08661199994895064,1,0.0,3925.267952304
214,-65.24963378906251,-125.2496337890625,0.21312545629008717,0.08687454370991282,1,0.0,3925.269371869
215,-64.8651123046875,-124.8651123046875,0.21284324348419087,0.08715675651580912,1,0.0,3925.270759268
216,-64.46960449218751,-124.4696044921875,0.21254895544527275,0.08745104455472724,1,0.0,3925.272212407
217,-64.05212402343751,-124.0521240234375,0.2122339312906954,0.08776606870930459,1,0.0,3925.273608491
218,-63.69506835937501,-123.695068359375,0.21196095017547367,0.08803904982452632,1,0.0,3925.274841409
219,-63.277587890625,-123.277587890625,0.2116376448601357,0.08836235513986429,1,0.0,3925.276249864
220,-62.838134765625,-122.838134765625,0.21129254836134176,0.08870745163865823,1,0.0,3925.277758243
221,-62.45361328124999,-122.45361328125,0.21098659904335404,0.08901340095664595,1,0.0,3925.278991402
222,-62.04162597656251,-122.0416259765625,0.21065469271174891,0.08934530728825107,1,0.0,3925.280298505
223,-61.629638671875014,-121.629638671875,0.2103185709918235,0.0896814290081765,1,0.0,3925.281697515
224,-61.22863769531251,-121.2286376953125,0.20998739342486952,0.09001260657513047,1,0.0,3925.283092303
225,-60.77819824218751,-120.7781982421875,0.209610693479237,0.09038930652076299,1,0.0,3925.284561368
226,-60.338745117187514,-120.3387451171875,0.20923843461021702,0.09076156538978297,1,0.0,3925.286048729
227,-59.9102783203125,-119.9102783203125,0.20887100563578112,0.09112899436421887,1,0.0,3925.28727774
228,-59.49829101562501,-119.498291015625,0.20851357441274632,0.09148642558725367,1,0.0,3925.288537102
229,-59.0972900390625,-119.0972900390625,0.2081618137674543,0.0918381862325457,1,0.0,3925.289924779
230,-58.668823242187514,-118.6688232421875,0.20778178563667932,0.09221821436332067,1,0.0,3925.291289807
231,-58.25134277343751,-118.2513427734375,0.20740738877626191,0.09259261122373807,1,0.0,3925.29268878
232,-57.811889648437514,-117.8118896484375,0.20700894000134729,0.0929910599986527,1,0.0,3925.294089883
233,-57.388916015625014,-117.388916015625,0.2066212603885067,0.09337873961149329,1,0.0,3925.295265635
234,-56.954956054687514,-116.9549560546875,0.2062192970220515,0.0937807029779485,1,0.0,3925.296678367
235,-56.531982421875014,-116.531982421875,0.2058234410184788,0.09417655898152119,1,0.0,3925.298122117
236,-56.065063476562514,-116.0650634765625,0.20538183887676792,0.09461816112323207,1,0.0,3925.299398072
237,-55.653076171875,-115.653076171875,0.20498820530718329,0.0950117946928167,1,0.0,3925.300782545
238,-55.208129882812514,-115.2081298828125,0.20455892850350715,0.09544107149649284,1,0.0,3925.302156073
239,-54.76318359375,-114.76318359375,0.20412538405981356,0.09587461594018643,1,0.0,3925.303398232
240,-54.34570312500001,-114.345703125,0.20371476213784806,0.09628523786215193,1,0.0,3925.304791853
241,-53.9227294921875,-113.9227294921875,0.2032949867160955,0.09670501328390449,1,0.0,3925.306250622
242,-53.4613037109375,-113.4613037109375,0.20283279172162108,0.09716720827837891,1,0.0,3925.307544466
243,-53.02185058593751,-113.0218505859375,0.20238852213919306,0.09761147786080693,1,0.0,3925.308946457
244,-52.57690429687501,-112.576904296875,0.20193468792118602,0.09806531207881397,1,0.0,3925.310280801
245,-52.14843750000001,-112.1484375,0.20149389260204198,0.09850610739795801,1,0.0,3925.311554237
246,-51.7364501953125,-111.7364501953125,0.20106660400292226,0.09893339599707773,1,0.0,3925.312978432
247,-51.28051757812501,-111.280517578125,0.20058984638357055,0.09941015361642944,1,0.0,3925.314380053
248,-50.841064453125,-110.841064453125,0.20012649958778225,0.09987350041221774,1,0.0,3925.31570636
249,-50.41259765625,-110.41259765625,0.1996711714274617,0.10032882857253828,1,0.0,3925.317269072
250,-49.92370605468751,-109.9237060546875,0.19914738877974122,0.10085261122025876,1,0.0,3925.318706119
251,-49.47326660156251,-109.4732666015625,0.19866085653651022,0.10133914346348977,1,0.0,3925.320151351
252,-49.0338134765625,-109.0338134765625,0.19818259596650498,0.10181740403349501,1,0.0,3925.321580101
253,-48.56689453125001,-108.56689453125,0.19767060968592673,0.10232939031407326,1,0.0,3925.323022185
254,-48.1439208984375,-108.1439208984375,0.19720344907804382,0.10279655092195616,1,0.0,3925.324456472
255,-47.6934814453125,-107.6934814453125,0.19670249223101682,0.10329750776898317,1,0.0,3925.325865371
256,-47.24853515625,-107.24853515625,0.1962041919345755,0.10379580806542449,1,0.0,3925.327166178
257,-46.84753417968751,-106.8475341796875,0.19575221064850407,0.10424778935149592,1,0.0,3925.328583076
258,-46.44104003906251,-106.4410400390625,0.19529127717738126,0.10470872282261873,1,0.0,3925.329959586
259,-46.01806640625001,-106.01806640625,0.19480875020705998,0.10519124979294,1,0.0,3925.33132143
260,-45.62255859375001,-105.62255859375,0.19435491431545068,0.1056450856845493,1,0.0,3925.332703791
261,-45.21057128906251,-105.2105712890625,0.19387949553931694,0.10612050446068305,1,0.0,3925.334088542
262,-44.8150634765625,-104.8150634765625,0.1934205669329857,0.10657943306701428,1,0.0,3925.335452348
263,-44.4085693359375,-104.4085693359375,0.19294635215645797,0.10705364784354202,1,0.0,3925.336851469
264,-44.051513671875,-104.051513671875,0.19252772242888172,0.10747227757111827,1,0.0,3925.338020184
265,-43.67248535156251,-103.6724853515625,0.19208122563159702,0.10791877436840297,1,0.0,3925.33943062
266,-43.271484375,-103.271484375,0.19160652200407763,0.10839347799592236,1,0.0,3925.340804871
267,-42.88696289062501,-102.886962890625,0.19114912060423248,0.10885087939576751,1,0.0,3925.342177251
268,-42.50244140625001,-102.50244140625,0.1906895959297436,0.10931040407025638,1,0.0,3925.343693927
269,-42.0849609375,-102.0849609375,0.1901883215343077,0.10981167846569229,1,0.0,3925.345018511
270,-41.73339843750001,-101.7333984375,0.1897643217404833,0.11023567825951669,1,0.0,3925.346319207
271,-41.392822265625,-101.392822265625,0.18935196603085805,0.11064803396914194,1,0.0,3925.347717013
272,-41.01379394531251,-101.0137939453125,0.18889122724043297,0.11110877275956701,1,0.0,3925.349120838
273,-40.6512451171875,-100.6512451171875,0.1884487511723248,0.1115512488276752,1,0.0,3925.350567495
274,-40.28320312500001,-100.283203125,0.18799783354278554,0.11200216645721445,1,0.0,3925.35187295
275,-39.95361328125001,-99.95361328125,0.1875925674397472,0.11240743256025279,1,0.0,3925.353184831
276,-39.64599609375,-99.64599609375,0.18721309645697887,0.11278690354302112,1,0.0,3925.354363657
277,-39.37133789062501,-99.371337890625,0.1868733014357767,0.11312669856422328,1,0.0,3925.355506594
278,-39.0911865234375,-99.0911865234375,0.18652577109221757,0.11347422890778242,1,0.0,3925.356639291
279,-38.8275146484375,-98.8275146484375,0.1861978298861831,0.11380217011381688,1,0.0,3925.357802747
280,-38.5693359375,-98.5693359375,0.18587593036586875,0.11412406963413124,1,0.0,3925.358917129
281,-38.29467773437501,-98.294677734375,0.18553263827860747,0.11446736172139252,1,0.0,3925.360060677
282,-38.01452636718751,-98.0145263671875,0.1851815959564792,0.11481840404352078,1,0.0,3925.361219615
283,-37.7508544921875,-97.7508544921875,0.1848504002144458,0.1151495997855542,1,0.0,3925.362358959
284,-37.525634765625,-97.525634765625,0.18456689659786563,0.11543310340213436,1,0.0,3925.363476378
285,-37.27294921875001,-97.27294921875,0.18424816325797766,0.11575183674202233,1,0.0,3925.364597446
286,-37.020263671875,-97.020263671875,0.18392874641318585,0.11607125358681414,1,0.0,3925.365721383
287,-36.78955078125001,-96.78955078125,0.18363651709681378,0.11636348290318621,1,0.0,3925.366835969
288,-36.54785156250001,-96.5478515625,0.1833297794283257,0.11667022057167428,1,0.0,3925.367977202
289,-36.32263183593751,-96.3226318359375,0.18304341799182278,0.11695658200817721,1,0.0,3925.369152695
290,-36.0919189453125,-96.0919189453125,0.1827495424260937,0.11725045757390629,1,0.0,3925.370288429
291,-35.87768554687501,-95.877685546875,0.18247618505844507,0.11752381494155492,1,0.0,3925.371504403
292,-35.592041015625,-95.592041015625,0.1821110117795092,0.11788898822049079,1,0.0,3925.373155281
293,-35.30090332031251,-95.3009033203125,0.18173801128531591,0.11826198871468407,1,0.0,3925.374728235
294,-35.00427246093751,-95.0042724609375,0.18135715457507162,0.11864284542492837,1,0.0,3925.376593964
